"method","descrip","time.d","mean","se","sd","n","rate.crit.met","rsd"
"gdt.hc","Cellulose",27.9395833333333,333.116713152211,10.2771816282739,17.8006007387838,3,TRUE,5.34365285078031
"gdt.hc","FIC",27.9395833333333,455.327299314371,7.9474760507333,13.7654323118069,3,TRUE,3.02319503630352
"gdt.hc","LB",27.9395833333333,287.317458063889,2.93000584813129,5.07491899543733,3,TRUE,1.76631069675858
"gdt","Cellulose",27.9395833333333,359.603098456985,8.93012011264186,15.4674217527884,3,TRUE,4.3012481870032
"gdt","FIC",27.9395833333333,462.193593879709,7.26262640441049,12.5792379288302,3,TRUE,2.72163831247391
"gdt","LB",27.9395833333333,296.810772630216,2.67801383232538,4.6384560209598,3,TRUE,1.56276538747421
