"method","descrip","time.d","mean","se","sd","n","rate.crit.met","rsd","lwr","upr"
"gdt.hc","Cellulose",27.9395833333333,365.351188367679,5.82342301458931,10.0864645352346,3,TRUE,2.76075864986208,355.264723832444,375.437652902914
"gdt.hc","FIC",27.9395833333333,486.865279019736,5.08389707861439,8.8055680406111,3,TRUE,1.80862518237908,478.059710979125,495.670847060347
"gdt.hc","WS",27.9395833333333,296.307375149672,4.21329424237841,7.29763969503682,3,TRUE,2.46286130790724,289.009735454635,303.605014844709
"gdt","Cellulose",27.9395833333333,387.461171583968,4.90463167105217,8.49507124667381,3,TRUE,2.19249614405112,378.966100337295,395.956242830642
"gdt","FIC",27.9395833333333,487.223658316093,4.68559057752731,8.1156809437433,3,TRUE,1.66569927490634,479.10797737235,495.339339259837
"gdt","WS",27.9395833333333,305.85123659778,3.61009748688358,6.25287226755908,3,TRUE,2.04441621263808,299.598364330221,312.104108865339
