"method","descrip","elapsed.time","mean","se","sd","n","perc","leak.l"
"gd","C",27,499.883157260273,4.55391384338134,7.88761015002774,3,1.57789076016436,FALSE
"gd","L",27,356.205323184001,2.02535505127458,3.50801785217384,3,0.984830271714312,FALSE
