"method","elapsed.time","id","descrip","descrip2","m.inoc","m.sub","m.water","m.tot","vol.hs","m.sub.vs","m.ino.vs","isr","cvCH4","vol.mi.mn","vol.mi.se","n","rsd.inoc","cvCH4.tot","cvCH4.inoc","fv.inoc","se.inoc","cvCH4.se"
"gd",27,"C1","C","Substrate C",80.006,0.9704,0,80.9884,160,0.788940518043249,1.52059646010929,1.92739050071951,498.913955804185,1.10763399291304,0.0153779247539636,3,2.40470653295735,611.238476107428,112.324520303244,0.183765460935254,1.55946642329526,0
"gd",27,"C2","C","Substrate C",80.048,0.9698,0,0,160,0.788452714755093,1.52139471338185,1.92959537700928,493.005510071054,1.10763399291304,0.0153779247539636,3,2.40470653295735,605.458526219579,112.453016148525,0.185731988697343,1.56125040559679,0
"gd",27,"C3","C","Substrate C",80.019,0.9694,0,0,160,0.78812751256299,1.52084353850317,1.92969223160018,507.730005905579,1.10763399291304,0.0153779247539636,3,2.40470653295735,620.188666548801,112.458660643222,0.181329757715547,1.56132877138846,0
"gd",27,"L1","L","Cellulose",80.03,0.8515,0,80.8631,79.14,0.829339848087035,1.52105260483646,1.83405223847008,357.463499712469,1.10763399291304,0.0153779247539636,3,2.40470653295735,464.348450022403,106.884950309933,0.230182636131932,1.48394572007898,0
"gd",27,"L2","L","Cellulose",80.012,0.8511,0,80.86,79.0236,0.828950258023342,1.52071049629108,1.83450150545494,353.451296705846,1.10763399291304,0.0153779247539636,3,2.40470653295735,460.362429410339,106.911132704494,0.232232532184332,1.48430922543906,0
"gd",27,"L3","L","Cellulose",80.008,0.852,0,80.9764,79.0116,0.829826835666651,1.52063447216988,1.83247203731157,357.701173133689,1.10763399291304,0.0153779247539636,3,2.40470653295735,464.494032434018,106.792859300329,0.229912231037111,1.4826671672129,0
