"descrip","exper","mean.vol","sd.vol","rsd.vol","mean.grav","sd.grav","rsd.grav","mean.man","sd.man","rsd.man","mean.gd","sd.gd","rsd.gd"
"C",1,518.069082420806,82.4181397073301,15.9087161353484,519.173164293941,15.0496794241755,2.89877837669876,472.947166772286,69.9873261338792,14.7981277933263,531.19003636286,81.2356142777166,15.2931359243764
"Cellulose",1,378.014834430212,21.6933054576012,5.73874448348037,355.24922177491,9.98064125797026,2.80947589641565,350.744805860851,8.9966118564312,2.56500216285465,426.925471711203,88.9976919104799,20.8461892783673
"Ethanol",1,683.294245662997,91.4929870130732,13.3899835383946,739.147753570496,9.02425261702735,1.22089968797648,632.108218711769,84.3648479959119,13.3465829898315,659.828942324224,151.259782059711,22.9240902235819
"A",2,394.004070216978,11.3528965035176,2.88141604660722,374.518492812142,5.96956415036163,1.59393041062887,385.605505131438,12.1367354974704,3.14744871013536,404.460224781432,34.8547554853085,8.61759781302199
"B",2,387.236255636796,13.8407658005187,3.57424326855915,377.522511313153,6.39986380374396,1.69522706910458,382.416572499031,10.1740985272248,2.66047531903199,401.091989285583,65.42845062313,16.3125797500144
"C",2,545.905957915404,27.7753107009884,5.0879295780268,514.344999972434,9.95721626068147,1.93590221761952,506.652750680322,36.1588705065782,7.13681519700128,591.975244922397,47.0932760316337,7.95527793359117
"CB",2,425.067221919467,139.415264576337,32.7984039669731,525.344503063856,36.2986853531327,6.9095013160765,413.421549638986,142.088179980473,34.3688373536768,440.91378751355,142.487540079402,32.3164174300228
"Cellulose",2,328.977208672498,87.9780104075829,26.7428891997094,361.571555989031,16.4072574339632,4.53776221115715,327.476419856905,89.1814498867642,27.2329378480848,404.302813751264,95.9634618444919,23.735541426019
"Ethanol",2,743.684408852373,30.8290986002901,4.14545447414509,728.915524418354,27.9150169102968,3.82966420321091,744.573231613516,25.4129013236839,3.41308285668735,680.956042328222,52.0431968763106,7.64266614014796
