"descrip","exper","mean.vol","sd.vol","mean.grav","sd.grav","mean.man","sd.man","mean.gd","sd.gd"
"C",1,519.495363248581,82.3290761440382,340.356448384847,87.6658142779164,468.369133236536,69.7969119018549,532.726903434723,82.3613246417129
"Cellulose",1,362.431753038333,22.0898462615152,347.862605401342,14.1980929655712,335.729317510456,26.5700404739367,418.185457164553,83.3001518956781
"Ethanol",1,683.195514727559,92.8422080491274,607.038240442913,67.294274548514,626.908426636556,85.4811442344363,658.530196725658,153.979772273041
"A",2,389.428183742169,12.0017196773337,266.011089691345,4.97564407163373,375.30174698037,13.3596339132792,397.07304371191,35.1050648822402
"B",2,379.148018243707,26.8586853586984,258.88719387333,4.95004702841564,369.683155884668,21.0790777052485,393.957645071283,77.2247111714427
"C",2,510.893529189993,55.1242091279142,379.270416885567,10.3555706829275,469.256525107077,57.8547688925068,555.047316953134,50.3600077912328
"CB",2,425.690227811678,140.911036829371,396.569730647748,11.9391803307369,409.605516743833,144.017700801526,441.529110547101,144.004456117801
"Cellulose",2,311.236688743598,77.5463864408088,341.461625157736,10.1976847551812,305.230916154518,81.3895385825972,380.5200753615,93.9026764352607
"Ethanol",2,732.888313486999,27.41239790752,628.962450961746,13.0267190623622,721.602100171285,25.2831227143577,673.479281718362,45.7944756111262
