"method","descrip","elapsed.time","mean","se","sd","n","leak.l","rsd"
"grav","C",27,502.495612299005,3.61708210782783,6.26496998590613,3,FALSE,1.24677108268524
"grav","L",27,368.188557830827,4.99399435928715,8.64985196299772,3,FALSE,2.34929950402535
