"method","descrip","mean","sd"
"gd03","C",503.500653831941,9.41132655927379
"gd03","L",358.694813001482,5.9112445632904
"grav","C",502.668183155145,6.2827127370333
"grav","L",368.401101279344,8.68961589641342
