"method","descrip","elapsed.time","mean","se","sd","n","rate.crit.met","rsd","leak.l"
"gd03","Cellulose",18.2409722222222,360.90654718998,9.15606425230859,15.8587684823636,3,TRUE,4.39414818208206,FALSE
"gd03","FIC",27.9395833333333,459.993819634069,5.49304952044301,9.51424085789915,3,TRUE,2.0683410193354,FALSE
"gd03","LBD",31.7576388888889,304.109148887729,3.62329025512637,6.27572281244808,3,TRUE,2.06364156928569,FALSE
