"method","descrip","time.d","mean","se","sd","n"
"man","C",27.1458333333333,485.207620662729,13.7215704624248,23.7664572005562,3
"man","L",27.1458333333333,323.324583192416,6.55009516544085,11.3450976209548,3
"grav","C",27.1458333333333,506.8811640602,3.66099291677177,6.34102573799848,3
"grav","L",27.1458333333333,371.198387644412,5.05745099040054,8.75976207216327,3
