"method","descrip","time.d","mean","se","sd","n"
"man","C",27.1458333333333,484.824016722244,13.6752994275526,23.6863134172388,3
"man","L",27.1458333333333,323.074820839352,6.53583731615221,11.3204023015802,3
"grav","C",27.1458333333333,506.457127103258,3.60690109359052,6.24733595197453,3
"grav","L",27.1458333333333,370.875453510532,4.95141958491494,8.57611029066428,3
