"method","descrip","time.d","mean","se","sd","n"
"gdt","C",27.1458333333333,502.136374126027,5.41890901311056,9.38582573230042,3
"gdt","L",27.1458333333333,357.722897569648,3.40361119503927,5.89522751901824,3
"gdi","C",27.1458333333333,502.136374126027,5.41890901311053,9.38582573230036,3
"gdi","L",27.1458333333333,357.722897569648,3.4036111950393,5.89522751901829,3
"gdv","C",27.1458333333333,505.09580865148,4.22510063994585,7.31808897547799,3
"gdv","L",27.1458333333333,360.292914411793,1.86576000833085,3.23159112915917,3
"gdtc","C",27.1458333333333,515.23460270797,6.26073383137222,10.8439090886021,3
"gdtc","L",27.1458333333333,359.646321022362,4.0272360016696,6.97537736896229,3
