"descrip","mean","sd","leak.l"
"C",510.128514941029,9.46365926517739,FALSE
"L",364.719421073999,5.95341887096433,FALSE
"C",478.335093537921,9.07275740419345,FALSE
"L",386.950074350025,10.3347605785817,FALSE
"C",510.065992449587,9.4948216845466,FALSE
"L",364.697692614021,5.97773766700052,FALSE
"C",480.636243581929,8.46990137239923,FALSE
"L",393.113361155577,7.49229305416992,FALSE
"C",488.835498606399,9.11369314599085,FALSE
"L",378.708445999184,8.66149494570069,FALSE
