"descrip","mean","sd"
"C",499.883157260273,7.88761015002774
"L",356.205323184001,3.50801785217384
