"descrip","mean","sd","leak.l"
"C",500.45102853217,9.35408227008063,FALSE
"L",355.955978303833,5.87094807978825,FALSE
"C",468.893970638421,8.97968323497193,FALSE
"L",378.02136106188,10.2277327330219,FALSE
"C",500.388970854983,9.38500347173835,FALSE
"L",355.934411380891,5.89501250944603,FALSE
"C",471.178013121305,8.39913077576909,FALSE
"L",384.138827819313,7.41712429614396,FALSE
"C",479.184234206843,9.01546818001975,FALSE
"L",369.968748555865,8.59048000686559,FALSE
