"id","cvCH4"
"C1",498.913955804185
"C2",493.005510071054
"C3",507.730005905579
"L1",357.463499712469
"L2",353.451296705846
"L3",357.701173133689
