"descrip","mean.grav","sd.grav","mean.man","sd.man"
"C",502.495612299005,6.26496998590613,485.841326857916,23.7705125998271
"L",368.188557830827,8.64985196299772,323.902371424589,11.3420504919745
