"descrip","elapsed.time","leak.l","n","mean.man","sd.man","rsd.man","mean.grav","sd.grav","rsd.grav"
"C",27,FALSE,3,485.841326857916,23.7705125998271,4.89264936631848,502.495612299005,6.26496998590613,1.24677108268524
"L",27,FALSE,3,323.902371424589,11.3420504919745,3.5016880062007,368.188557830827,8.64985196299772,2.34929950402535
