"id","cvCH4.grav","cvCH4.man"
"C1",500.62940503171,482.515835389101
"C2",505.093165422649,511.042196212576
"C3",502.281979011077,464.434428989072
"L1",360.818418364069,321.841599954143
"L2",373.326873835828,335.764850746872
"L3",371.058011638135,314.530344156527
