"method","descrip","elapsed.time","mean","se","sd","n","rsd","leak.l"
"gd","Cellulose",30,431.165661105852,4.663012391245,8.07657437795958,3,1.87319517914409,FALSE
"gd","Substrate C",30,549.497809340051,15.6711719392175,27.1432660128724,3,4.93964954027234,TRUE
"gd","Substrate D",30,334.382998903,3.04674563263281,5.27711823345861,3,1.57816583102941,FALSE
