"method","descrip","elapsed.time","mean","se","sd","n"
"gd","Cellulose",30,372.965840349812,38.3061407084806,66.3481819489709,3
"gd","Substrate C",30,556.320744813204,24.4783654412901,42.3977726305527,3
"gd","Substrate D",30,321.481123864107,3.90568903528848,6.76485184768433,3
