"","substrate","time.d","mean","se","sd","n"
"1","CEL",13.9,382.656218769533,7.25805206077962,12.5713149332503,3
"2","SC",18.2,476.980567230186,3.19455166888645,5.53312579791528,3
"3","SD",27.9,305.893140249637,2.19253306699151,3.79757866930412,3
