"method","descrip","elapsed.time","mean","se","sd","n","rsd","leak.l"
"gd","Cellulose",30,239.07669866541,195.084524787302,337.896308702037,3,141.333852520243,TRUE
"gd","Substrate C",30,599.57966830229,36.6525585731974,63.4840936761722,3,10.588099802638,TRUE
"gd","Substrate D",30,334.382998903,3.04674563263281,5.27711823345861,3,1.57816583102941,FALSE
