"method","descrip","elapsed.time","mean","se","sd","n"
"vol","Cellulose",30,470.440715739837,3.11218432561583,5.3904613744861,3
"vol","Substrate C",30,494.667801795457,3.39194335252167,5.87501822296303,3
"vol","Substrate D",30,365.471056167982,0.769138495315705,1.33218695194388,3
"grav","Cellulose",30,522.138918319348,2.57935088575034,4.46756678466738,3
"grav","Substrate C",30,499.673209259444,3.06033280761013,5.30065191085065,3
"grav","Substrate D",30,401.900449455931,1.84057101386188,3.18796251094733,3
"gd","Cellulose",30,372.965840349812,38.3061407084806,66.3481819489709,3
"gd","Substrate C",30,556.320744813204,24.4783654412901,42.3977726305527,3
"gd","Substrate D",30,321.481123864107,3.90568903528848,6.76485184768433,3
