"id","mean","stddev","day.start","day.end","interval_nb","detect.lim.int","detect.lim.tot"
"W1",487.627368421053,0.0264243375325629,487.64,487.63,19,0.0792730125976887,0.345543050863352
