"","id","xCH4.gd"
"11","C1",0.592916713700094
"25","C2",0.590349838942337
"39","C3",0.591888191001564
"54","D1",0.51098682612208
"69","D2",0.51407208577014
"84","D3",0.521048585252767
"99","I1",0.582501904587987
"114","I2",0.578744487074609
"129","I3",0.583661968706108
"144","I4",0.586470181151644
"159","L1",0.501056573649254
"174","L2",0.520028407198509
"189","L3",0.512475211030093
