"method","descrip","elapsed.time","mean","se","sd","n"
"man","C",27,485.841326857916,13.7239118482856,23.7705125998271,3
"man","L",27,323.902371424589,6.5483359047038,11.3420504919745,3
"grav","C",27,502.495612299005,3.61708210782783,6.26496998590613,3
"grav","L",27,368.188557830827,4.99399435928715,8.64985196299772,3
