"descrip","elapsed.time","n","mean.man","se.man","sd.man","mean.grav","se.grav","sd.grav","man.grav.diff","man.grav.diff.perc"
"C",27,3,485.841326857916,13.7239118482856,23.7705125998271,502.495612299005,3.61708210782783,6.26496998590613,-16.6542854410883,-3.42792688073627
"L",27,3,323.902371424589,6.5483359047038,11.3420504919745,368.188557830827,4.99399435928715,8.64985196299772,-44.2861864062379,-13.6726959458364
