"method","descrip","elapsed.time","mean","se","sd","n","leak.l","rsd"
"man","C",27,485.841326857916,13.7239118482856,23.7705125998271,3,FALSE,4.89264936631848
"man","L",27,323.902371424589,6.5483359047038,11.3420504919745,3,FALSE,3.5016880062007
"grav","C",27,502.495612299005,3.61708210782783,6.26496998590613,3,FALSE,1.24677108268524
"grav","L",27,368.188557830827,4.99399435928715,8.64985196299772,3,FALSE,2.34929950402535
