"descrip","elapsed.time","n","mean.man","se.man","sd.man","leak.l.man","rsd.man","mean.grav","se.grav","sd.grav","leak.l.grav","rsd.grav"
"C",27,3,485.841326857916,13.7239118482856,23.7705125998271,FALSE,4.89264936631848,502.495612299005,3.61708210782783,6.26496998590613,FALSE,1.24677108268524
"L",27,3,323.902371424589,6.5483359047038,11.3420504919745,FALSE,3.5016880062007,368.188557830827,4.99399435928715,8.64985196299772,FALSE,2.34929950402535
